{
  "hash": "9ae90b7d",
  "configHash": "e95d336a",
  "lockfileHash": "92d878a2",
  "browserHash": "874f470f",
  "optimized": {
    "@angular/common": {
      "src": "../../../../../../node_modules/@angular/common/fesm2022/common.mjs",
      "file": "@angular_common.js",
      "fileHash": "55e6ce02",
      "needsInterop": false
    },
    "@angular/common/http": {
      "src": "../../../../../../node_modules/@angular/common/fesm2022/http.mjs",
      "file": "@angular_common_http.js",
      "fileHash": "0eeb2aa3",
      "needsInterop": false
    },
    "@angular/core": {
      "src": "../../../../../../node_modules/@angular/core/fesm2022/core.mjs",
      "file": "@angular_core.js",
      "fileHash": "9f250688",
      "needsInterop": false
    },
    "@angular/forms": {
      "src": "../../../../../../node_modules/@angular/forms/fesm2022/forms.mjs",
      "file": "@angular_forms.js",
      "fileHash": "80c52d85",
      "needsInterop": false
    },
    "@angular/platform-browser": {
      "src": "../../../../../../node_modules/@angular/platform-browser/fesm2022/platform-browser.mjs",
      "file": "@angular_platform-browser.js",
      "fileHash": "06597c82",
      "needsInterop": false
    },
    "@angular/router": {
      "src": "../../../../../../node_modules/@angular/router/fesm2022/router.mjs",
      "file": "@angular_router.js",
      "fileHash": "8e804387",
      "needsInterop": false
    },
    "rxjs": {
      "src": "../../../../../../node_modules/rxjs/dist/esm5/index.js",
      "file": "rxjs.js",
      "fileHash": "2f7e24f5",
      "needsInterop": false
    }
  },
  "chunks": {
    "chunk-QBVTSYT4": {
      "file": "chunk-QBVTSYT4.js"
    },
    "chunk-QWED5MIJ": {
      "file": "chunk-QWED5MIJ.js"
    },
    "chunk-DDHV2AM5": {
      "file": "chunk-DDHV2AM5.js"
    },
    "chunk-TZGOF2MH": {
      "file": "chunk-TZGOF2MH.js"
    },
    "chunk-WVMZWLDY": {
      "file": "chunk-WVMZWLDY.js"
    },
    "chunk-S35MAB2V": {
      "file": "chunk-S35MAB2V.js"
    }
  }
}